x1,x2,y,x1--,x2--,y--
-3.434105069313952,4.258806494586941,0,0.020212046374571736,0.0011778276058035195,0
3.8353874895078355,3.8797071120744713,0,0.021794294552130982,0.0035929327023309435,0
-4.098311543080439,-3.196508076791165,0,0.02743289024422724,0.004555264603906644,0
0.7742324523319108,-5.170818601766829,0,0.03583963768378815,0.00830015094549445,0
4.368538782131254,-2.4370443387947613,0,0.0599396063460512,0.015157687930807373,0
-5.25362059814953,0.7211163931152936,0,0.06425197807879306,0.01655839393176281,0
-5.2944970440320045,-0.1938139923153897,0,0.07818361522656939,0.025823725461802036,0
0.7386487063632449,5.215528484498262,0,0.09167978935747996,0.03248193035054326,0
4.732193124790988,-1.6912763889814442,0,0.09278234960573338,0.04158783082293991,0
-2.1458742479939237,4.720229262890497,0,0.10935736722045375,0.05408521217599672,0
1.5629322449035468,5.057654865828287,0,0.11259434686612613,0.055921484786171496,0
1.106858375113811,5.066060261647126,0,0.12110786009404277,0.06522279030608018,0
-4.300887150981013,3.1806775730021597,0,0.11434481355406345,0.087148243494439,0
-0.3452391257030189,-5.165064556323768,0,0.11396872801114317,0.09370954699335203,0
5.114830528868963,-1.8636849131055993,0,0.10750737775636879,0.10373215014401543,0
4.521964363497945,3.0603466533146504,0,0.11405449918566893,0.11659059102896256,0
1.7584724516004309,-5.102754372123259,0,0.12266157527391001,0.1329746612948474,0
-3.5635363882710593,3.606716732184471,0,0.12462095159390847,0.13781100062607027,0
2.1500754658177756,-5.011424844028899,0,0.13699415701037454,0.15373220296720308,0
0.3676489037581598,5.115957424880364,0,0.12391428023229432,0.1965312880805633,0
-4.815408717598851,-2.0989133503351125,0,0.13144727227489472,0.21761488200209053,0
0.016332049986026147,-5.379763193825447,0,0.12435223295368276,0.2285691977458741,0
4.407780792531996,-2.400183168453335,0,0.14102364783479227,0.2604497993052254,0
0.1801758440361693,5.2292332435266,0,0.1373131209399772,0.26470716345957407,0
-4.6453082314799365,1.9586950843941517,0,0.1356308247968906,0.27643947554736237,0
2.041675069442176,5.017470915939481,0,0.1062470423641907,0.31934950342649754,0
2.560713786998316,4.769445256763858,0,0.09819681333288384,0.326962417328148,0
-0.8445072026545639,-5.098641511872444,0,0.09186371896981119,0.3418418111460024,0
4.957642682126334,2.261889844364391,0,0.08023645273961767,0.35213348729623817,0
1.0827908217808526,-4.966409819625397,0,0.06687663662694504,0.36635709552753914,0
4.710692928899075,-2.1328946682937326,0,0.06075925125110753,0.3697400538618412,0
-2.770618045266032,-4.300108553720148,0,0.05536193979734493,0.37182890673254365,0
2.636647740442018,-4.671388822280463,0,0.04950843850158478,0.3855402048845467,0
-4.601901973761615,-2.857103712913835,0,0.03970817652129626,0.38866531925162856,0
4.459663496764307,-2.8741501995147942,0,0.02669654431854464,0.40500725759825074,0
3.615526593079542,-3.9068138462018047,0,0.023655745841478087,0.4309168898837781,0
3.6641743566924965,3.606538257186454,0,0.003887577781942027,0.44019053171884187,0
-3.733650497552902,3.835396778581427,0,0.0019239936266411556,0.45389000717391803,0
-5.39513323400145,-0.27849093678425424,0,-0.0144921398823594,0.4632496100003097,0
-2.0326411073545154,-4.873707329106241,0,-0.015508675492807543,0.47812552700025823,0
-5.46723478302795,0.3264965507263673,0,-0.05659204638619547,0.4761099041843617,0
3.615030444745795,4.023521235879572,0,-0.08708073461489124,0.4803230557483173,0
-0.3936788783540013,-5.446563216808887,0,-0.09380665087988695,0.49951005420957784,0
-1.5663288065493832,-5.084355434238579,0,-0.10888859913631221,0.5391988818970397,0
-4.155297561533885,-2.992331795972131,0,-0.16348230450836906,0.533488641553326,0
4.167226742263374,3.525356418450345,0,-0.1726003030133033,0.5330906457595209,0
5.0473732346542795,0.2685677850128796,0,-0.185436050445894,0.5323228965119086,0
5.1784762994147275,-0.0664602016897618,0,-0.1965930736218717,0.5452188062945148,0
-1.0429889893305058,-5.004306094220117,0,-0.21401245326255933,0.5861290948650236,0
4.137902196035697,-3.1783128131649385,0,-0.2176677639250348,0.5848844357614382,0
5.092093798783939,-0.37146257878668876,0,-0.2319925312397331,0.599939276810635,0
4.113943311004714,-3.3750453909482814,0,-0.23920717354523505,0.5988796068876542,0
-4.886634463991859,1.9484142179204618,0,-0.24667924314516387,0.5976042256538884,0
1.519051991223368,4.779388481081847,0,-0.2939079280356004,0.6109523620585774,0
4.043115939044951,3.5252396086024422,0,-0.31846056386781724,0.603190266342297,0
-0.8999841759495645,-5.268183833525038,0,-0.33035341962715736,0.6142678920177147,0
-5.106504412093697,0.036847612495689464,0,-0.37156405452815777,0.6031842484208451,0
1.8705012120251592,5.170335241020404,0,-0.3965316664820344,0.6096947897717284,0
-5.068877988882436,-1.8395961626349102,0,-0.4189905022950654,0.6021979630817276,0
-3.1163662331621222,-4.194695590732204,0,-0.4449786364747922,0.5905359673409061,0
-3.9807940226167116,3.053366985752686,0,-0.45363905535340027,0.5923158642198968,0
-2.5388999212983645,4.795205743270301,0,-0.4613615844158377,0.5865830532747515,0
3.44525956030134,-4.030648935976014,0,-0.48672264326847453,0.6107522059548103,0
1.0606505532392234,5.3614271916091605,0,-0.5089958889867134,0.5962144771696263,0
5.338289900607306,-0.7721384075019818,0,-0.5188581388097411,0.6021569439874803,0
-5.2014526001729955,-0.8676939863044428,0,-0.5238675647543168,0.6028902745120104,0
-4.292694031129735,-3.011454847850844,0,-0.5776872660711908,0.6226425855958235,0
-1.8861888376873788,-4.930177491602434,0,-0.6032354561071389,0.6175487341513237,0
4.445160307729194,2.6669278700958703,0,-0.6246036223676377,0.6318072383875123,0
-1.8169479129646466,5.044853853434062,0,-0.6592237500997711,0.6084173057688743,0
5.392008663414795,0.5775136817360303,0,-0.7436915600185345,0.5174246249237042,0
4.690295704284342,-2.059857772469272,0,-0.7697116645488089,0.4886869822553533,0
-4.913410964697493,1.3851262232330566,0,-0.7735820460104106,0.4890280427620247,0
5.1531569204230525,1.322743507972097,0,-0.8096736074475952,0.49499769867326276,0
-1.8343698231108854,4.719411702809922,0,-0.8292013263970341,0.46472658342000867,0
4.485339181971384,2.436593575394559,0,-0.8391704827500398,0.4626351610502777,0
-5.157699115932522,1.5842412963221866,0,-0.8560866918246997,0.45055084718751653,0
-0.939444540647304,-5.003571146578566,0,-0.908785126770333,0.33400848016948437,0
-3.8919099646135575,-3.7500440992101427,0,-0.9266826550194148,0.3061933933092063,0
5.214885029654664,-0.30052222671186324,0,-0.9634654560773904,0.2570606215853159,0
1.2825005098942257,-5.194616493768876,0,-0.9787821166286146,0.23726516816732277,0
-1.6248542408819764,4.770007153584811,0,-1.0060990731213753,0.22870677296007794,0
4.672022671059171,-2.851013923179852,0,-1.0218139195212566,0.16543752870219153,0
-3.1790471535192246,-4.1243865461457325,0,-1.049134401993549,0.1569513929136282,0
-2.302303669208557,-4.761377138465539,0,-1.080462538973495,0.10337047252015917,0
-4.967921934033888,-1.5039017764761127,0,-1.1096003298047763,0.10530308923376584,0
-0.23294395597738288,-5.296318252482021,0,-1.118958020135931,0.09624376002310868,0
2.204303319292242,5.019690304373788,0,-1.1222885581322992,0.05705762015672775,0
5.010579610966432,-1.9305527035605201,0,-1.1391566311719443,0.021630660003558067,0
-0.22168317160526965,-5.156761207004826,0,-1.1458721154081934,-0.025909879773411856,0
-2.104882416149532,4.5649747982788185,0,-1.1584623953977617,-0.03548732026389891,0
-5.410122318956934,0.3247835920378995,0,-1.1629363109307893,-0.0678949948563105,0
4.901881047984849,-2.067156649982486,0,-1.1628208063998302,-0.11586070467551532,0
4.112802582710563,-3.563648580816664,0,-1.1401983702560747,-0.28122306584527446,0
5.104856143545145,0.9008758580547299,0,-1.13800208024987,-0.30356822297973235,0
2.5227612132333963,-4.380724426455861,0,-1.1355161100959483,-0.3988073229063159,0
-2.3783106675441044,4.589756605702341,0,-1.139267139747039,-0.4278830011923895,0
3.1258370419746675,-4.268522885665152,0,-1.1330086801712005,-0.4482455851169478,0
-1.4487017918286111,-4.852161036937204,0,-1.1335545247007182,-0.5122638092283575,0
0.12224093336520635,-5.241499912597326,0,-1.1275427568814087,-0.5322293215460505,0
3.1124108102249113,-4.027790620924837,0,-1.1121499693662813,-0.5867174541923372,0
-4.731775659947855,-2.0462917473898354,0,-1.0858637261453716,-0.654165793876522,0
1.7673724341241277,4.856299047186683,0,-1.015981419124756,-0.7653764547594473,0
-3.599640915422704,3.876800665572646,0,-0.9161291411429788,-0.8983902259491502,0
-4.085076433041862,3.4244482714306654,0,-0.7977644975712626,-1.017317045312757,0
5.128148134512266,0.7608569150219203,0,-0.7991149232470546,-1.026314974183594,0
-5.0433556718443,0.7104576957377621,0,-0.7822647192682364,-1.0399514867630832,0
2.433494144065738,4.4275934355380215,0,-0.7316428654070847,-1.076502733156396,0
5.241522538382976,1.452473757443627,0,-0.6594058151148261,-1.1476410661068654,0
-5.02604014859707,-1.844660431611453,0,-0.6519925685837045,-1.1826452358598671,0
4.3975529540062706,3.08424558222509,0,-0.6483831026073307,-1.186360387544527,0
-3.275078070199064,4.339330995219741,0,-0.6292266440991301,-1.201304714821413,0
1.6403344604329728,-4.7664955570874445,0,-0.5483883211959049,-1.2491958782655936,0
-1.3801022070287723,4.809034220818382,0,-0.5028319609308699,-1.3031950165208988,0
2.829244403662453,-4.277286931473748,0,-0.5028026589220249,-1.3354985825121746,0
0.6203736068491092,-5.075609634157079,0,-0.4949621886852833,-1.3457248189820579,0
-1.0748587414024382,-5.012817342127019,0,-0.463759412330204,-1.361127992644344,0
4.28130623357625,-3.296216291648551,0,-0.33903709250343317,-1.400303760071696,0
2.713891720663154,-4.429101661946639,0,-0.2935171786093513,-1.4245951949538442,0
-4.04868631629323,3.2829702389136335,0,-0.23117610137091854,-1.4470983427879969,0
-3.930061466971875,-3.6391815159704723,0,-0.21945731845914926,-1.4543992142768178,0
-2.768791212641423,4.228306108479753,0,-0.19776534332558898,-1.457779061580978,0
-4.5880072661929265,2.3732577342298216,0,-0.11313369845512344,-1.4763062623557024,0
-3.6534887650860277,-3.8337589144453075,0,-0.08519819487791801,-1.495735965205319,0
-3.9455766884053687,3.5530987201824944,0,-0.031915777251502554,-1.5019927603627947,0
4.738986838824154,-1.7872501900109607,0,0.037634814597299664,-1.53993109908204,0
-4.813994252046925,1.7035508061025155,0,0.04439675180961425,-1.5463041672581437,0
2.636373328480872,-4.407580251174399,0,0.17334705561490008,-1.545015005310767,0
4.286933444190089,2.719620982177935,0,0.3419478514199935,-1.5347588752374741,0
-3.423220762888468,3.8159042641215772,0,0.4517001660874574,-1.5781613530513428,0
-4.948329944170406,1.960598458457328,0,0.4615284429681882,-1.6045879923288968,0
-4.45423397038385,3.006146918640869,0,0.4839634625124316,-1.6384493817742287,0
4.97502448429518,-2.3369068161256963,0,0.4909035523394693,-1.638192559000785,0
-1.9836627022985807,-5.087848658912471,0,0.5088095546143593,-1.6354141601003456,0
1.1507963350560293,5.109842788772508,0,0.5496452665617592,-1.6380213878402372,0
-5.437030029489417,0.3545922208602143,0,0.5619421163482408,-1.668522862233867,0
-0.5542614059272631,5.203061173627478,0,0.750386651566322,-1.6628040056515145,0
1.2685478901262603,5.0341239497917805,0,0.8013613422703164,-1.6811675201884886,0
-0.2204299473258748,-5.281785193664959,0,0.8435560809258644,-1.6900308006259184,0
2.1746055821059453,-5.0300498094549795,0,0.9350685023701956,-1.7200787681290552,0
-3.74557330890046,-3.917769604171895,0,1.0330601243966484,-1.677487895329208,0
5.205449956707746,-1.2516715481588032,0,1.14345758596996,-1.61054345017748,0
4.088916592722392,-3.5077409777936372,0,1.173001611686412,-1.5960169096530898,0
2.889158771518202,4.497586888131939,0,1.2995149476116026,-1.505774925654352,0
2.0441558392439343,4.889703189160223,0,1.4473438238165393,-1.3890620421883852,0
-4.904165675087368,-1.5532384603098617,0,1.478751087158606,-1.362204088993658,0
2.599292588283552,4.5605889912611675,0,1.587419298878277,-1.2341309395108593,0
-5.055922796643931,-0.7806010032465321,0,1.6582898357455955,-1.1782958827267203,0
-4.683429766951432,2.492907970932016,0,1.6856358737732666,-1.1543121824241427,0
-5.326966374997625,0.5090706824008101,0,1.6908111511013715,-1.1509537059660524,0
-5.348467826643584,-1.053540294157748,0,1.7054986091792919,-1.1345057513386494,0
-4.023985856123975,-3.2381119813174073,0,1.812119423193212,-0.9732502856382323,0
3.0691243692054644,-4.372048093016236,0,1.8414593146212441,-0.9527211810948952,0
0.3430683636104515,5.220978199750467,0,1.8493941370365221,-0.9412973351905505,0
-1.6624837719722645,-4.730009310082595,0,1.8556649598747132,-0.9402337491932746,0
-0.4620944434798896,5.166741650400576,0,1.957127639994826,-0.730383299049891,0
-0.1903709452016511,5.175930693066264,0,1.963433557764053,-0.7189731836899568,0
-3.7362929133132083,-3.8902746216842603,0,2.0403508214798105,-0.4928260605092371,0
-4.880915857969872,-1.6304356590923648,0,2.078658993501705,-0.409453967107555,0
-2.6045105766861956,-4.81706184710566,0,2.1426479424927107,-0.043954386109576006,0
1.6864611329646964,-4.853641818384114,0,2.1569556116236916,-0.04222975394991228,0
-0.1000794098300415,-5.221343637734591,0,2.1697528605917324,0.05986415609279022,0
4.569935644665777,-2.348840144024645,0,2.169516019513632,0.07419474293101673,0
0.8213993899249844,5.385202008810416,0,2.184825077913526,0.09387998484163365,0
4.034385302307042,3.1726222095614593,0,2.1889282770842433,0.1622755165230187,0
0.4478708471368624,-5.116995547537123,0,2.210655226271384,0.21206256098199489,0
-4.67872377885992,-2.191437475967581,0,2.203268259421967,0.32565520267162285,0
3.342673619829711,3.841475821090382,0,2.182494960618137,0.5265256186169042,0
-4.327174171292604,-2.8840192765536212,0,2.1784112953455557,0.649706800266651,0
0.5820495922003133,-5.246762056030418,0,2.173976831438965,0.6879974844903819,0
0.9828672760624069,5.006506243434739,0,2.199009827720209,0.6996036385995094,0
2.8290604016259495,-4.655281030508981,0,2.1273140071251757,0.908329157639402,0
4.980316682012788,-2.0538617372093153,0,2.1679036315947613,0.9410297087935022,0
1.9389096228432423,-5.084236592526191,0,2.167793309997488,0.9418830554186326,0
-3.24184217580876,4.082409078068589,0,2.163240376655661,0.9673010985244822,0
-2.313991367347211,4.8881163835464045,0,2.1362734450379186,1.0752143612427059,0
-5.032807436034839,-1.1100360121000632,0,2.1350588360992764,1.0843410245913871,0
5.281714231102533,1.1911154570873939,0,2.0661594563472754,1.2298021053955552,0
4.844803729265559,1.6452632428976837,0,2.071396580727528,1.262305618994124,0
4.489417519341958,2.368647503091617,0,1.837712301992374,1.590152649356954,0
5.049818580890288,-1.7971132087479211,0,1.7849388138777174,1.6610515545516618,0
-4.289819937709959,2.6114073092597248,0,1.678926883461806,1.7807380370149084,0
5.11572480862366,0.4468651150877979,0,1.6810020100444278,1.7960997924675166,0
3.3176281879809992,4.141562852880029,0,1.5908411199614427,1.9175779642288737,0
-4.500900936353778,2.2298030405116607,0,1.5703563616950413,1.9364890332227014,0
5.194531639346028,-0.923215931884093,0,1.569463061323923,1.977412739604746,0
4.836636482575424,1.564095859726963,0,1.500155385056645,2.0362967453511613,0
4.010354412328339,3.273536779020468,0,1.4551477336990313,2.07258880541586,0
3.7529743128818995,3.719404833098502,0,1.3417258242578252,2.14918052119963,0
5.365612764318017,0.7649762335180952,0,1.324393256329953,2.1604955017903347,0
-4.9403520315779925,1.045164315769612,0,1.2712008812498305,2.2055248138591868,0
-5.252447342095828,-0.20418987049549428,0,1.1938997590322036,2.253503013948839,0
-0.026167878095032814,5.344274754106564,0,1.1848107723292072,2.2784858104429837,0
3.641852955069337,-3.5760699090138472,0,1.061239616284193,2.3523897101850353,0
0.0655361159378869,-5.37796066411757,0,0.9927667693820362,2.383393777400092,0
2.542360587177212,4.669331466845201,0,0.9448826105019044,2.4206534879579364,0
-3.811745313590707,-3.5908839261797403,0,0.9376374016693723,2.424888839510802,0
-5.311427424864907,-1.0771050567228833,0,0.6239203435068237,2.5321096238579015,0
-2.6782138521508,-4.7681163205529495,0,0.5991088437756049,2.5613168588099025,0
-3.6173315941352246,-4.0708769532744125,0,0.4744546982093142,2.5969512501511143,0
4.856128076130749,1.917728647653458,0,0.4489257770741834,2.611788292134,0
-5.230932713260727,-0.7626875177571263,0,0.22469242379562282,2.6444785641863624,0
1.3052333834186625,4.966272355747661,0,0.16636166622329446,2.6833901880637874,0
-5.424790133737264,-0.12622296292410962,0,0.025952014408607945,2.710133193030919,0
-4.841047420340173,-1.6100153838006641,0,-0.09312091452154463,2.7353474822037596,0
2.181788461073829,4.834182121864814,0,-0.1007091508871316,2.761915457408865,0
5.171472747373149,1.3730460843475778,0,-0.25228991139837437,2.75605755274631,0
-1.0298640741587994,-5.039500969649575,0,-0.5610765021184818,2.7269970305302786,0
4.901478410349272,2.2357483072255353,0,-0.6593585455857337,2.708974233817292,0
-3.344326019513323,3.7261714676499276,0,-0.7295889694595229,2.7114239587187203,0
-5.235437737793785,1.4582814758093245,0,-0.9600039059556885,2.640858707434601,0
3.0484372819939245,-4.095308670518795,0,-1.1628089259529362,2.5603995599869047,0
3.5828868013593342,-4.021532440761414,0,-1.3163571291599208,2.502311088040571,0
-4.184356181338782,2.79689502712595,0,-1.3706132157288327,2.478565677906732,0
-2.988208347242596,4.234929528843972,0,-1.468105249792061,2.441281398905073,0
2.7807897374015798,-4.2767057980532,0,-1.4874120617950775,2.4345626675932834,0
1.6746430382141648,5.045819085031444,0,-1.6060272761313763,2.402429880320174,0
-4.9187275635697745,1.3192197365592802,0,-1.82560945333159,2.258171049068147,0
-0.1725233326504602,-5.1744612432754655,0,-1.898779466983926,2.2089412264543546,0
5.270831425965049,0.971922319262297,0,-2.1355712822278567,1.9855877002554974,0
-4.461537033761552,3.185407159945673,0,-2.223907180020371,1.889825299375326,0
4.787132992336609,1.9463197608295133,0,-2.294273327025222,1.8191624431254614,0
-5.290896650952106,-1.3594031424445128,0,-2.5454750004166624,1.5166961933905505,0
4.008158627913441,3.3408943275038543,0,-2.674835622651897,1.3271190897706775,0
3.317682239324635,4.230433267282171,0,-2.7500892013051317,1.2532875775830763,0
-5.142817700120271,-1.5843178375865472,0,-2.829954242331339,1.1189554189042108,0
5.117908613279314,0.20565573567333068,0,-2.86315046248226,1.04086523836808,0
5.003478197905525,-1.7601909271215141,0,-2.894820430160101,1.0517869680417509,0
-3.974767122578069,3.596309617082822,0,-2.995165956805939,0.7343208918886754,0
-4.411226035882015,-2.4418810864478395,0,-3.0404280487488906,0.5229956435898442,0
3.7845526891327994,3.4177476432013725,0,-3.050956197471849,0.4831749376829059,0
1.206823333707824,-5.179322247275498,0,-3.0812499349099323,0.34524359551757244,0
0.4957768139917482,5.457098307301137,0,-3.1104800669641226,0.23708147427940146,0
5.447257647217827,-0.5645078740114226,0,-3.1355476701102956,0.17989289607148892,0
-5.08830653538135,1.4434589772486612,0,-3.1776397666592455,0.10102299315980254,0
-5.173581205857536,-0.6513654217209172,0,-3.1817344013307216,0.09561256737691104,0
-2.437231488405344,4.87524569181817,0,-3.1924171456844403,0.0698273021499503,0
0.809418914370201,-4.953001115586645,0,-3.2087875271251893,0.00159394484443047,0
2.8787209693203493,-4.217113517485255,0,-3.18817278380674,-0.4120378812577292,0
4.83698941958928,-2.079610328824095,0,-3.19025878666084,-0.503589655250336,0
-2.1383268770087254,5.019011629049606,0,-3.135985921137948,-0.7839190444822552,0
2.3640883396776737,-4.675302477888472,0,-3.0686335673076734,-1.0196020736837546,0
0.44041330636083603,-5.465301558520806,0,-2.8640456132635603,-1.5094006774564506,0
5.292583341045359,1.0592407205037462,0,-2.8557349443623,-1.53144288935829,0
-1.282703635001982,-5.010397647628033,0,-2.7752703225583555,-1.7139171792967187,0
3.5290171539329327,-3.6049346167391128,0,-2.7541148101380775,-1.7608195832070808,0
2.1360712980454233,4.713953840420307,0,-2.7109769795432177,-1.8322047736708993,0
3.44615134761741,3.836220026495071,0,-2.6762477940886322,-1.9142739257998256,0
5.016030247538565,2.2295094377741638,0,-2.683904098980667,-1.9456496428391936,0
-2.5337322225644505,-4.870862577167604,0,-2.6219444534268512,-2.0525056118580163,0
1.3187185340815113,5.166606813091676,0,-2.5420040438377587,-2.1683864017545917,0
4.027674780006182,3.7405329032122254,0,-2.479894630433445,-2.321423924415611,0
5.16084170005106,0.5196436681617277,0,-2.343802570862422,-2.4693172429704946,0
-1.6526407970860546,4.863356109812197,0,-2.2852402335825146,-2.533708580852046,0
1.0420878383098302,-5.023461556697429,0,-2.2907002342083693,-2.570293101621409,0
1.070866774375805,4.946340856202579,0,-2.158348980892623,-2.694566766070337,0
-1.8111100913366358,4.835473817196357,0,-1.8483920370728453,-2.9304649333233876,0
-4.745494146210414,1.637804943244948,0,-1.835552656059212,-2.9427498937558387,0
5.376260005803631,0.7640618850341656,0,-1.5277305848596496,-3.133230956072277,0
-5.050336481384662,0.7236653576683231,0,-1.4208503266251884,-3.208858645248248,0
5.2663908457302675,-1.2690284898795812,0,-1.2321677823452568,-3.2860764862764724,0
4.1804800960715065,-2.849114575460875,0,-0.8523245482206646,-3.444459326272846,0
4.266541321355715,2.6716334661964085,0,-0.5866061500141861,-3.50003377615166,0
-2.923152070550808,4.507378344772452,0,-0.42367191406164356,-3.5347212400210846,0
4.264233626843822,-2.914949442300597,0,-0.22868594248240776,-3.560850410416675,0
4.894115277218453,-2.114823858554532,0,-0.12900747238070276,-3.5679044444374988,0
5.084641265330893,-1.9314947629375738,0,-0.06392856528947861,-3.578738455337843,0
5.078852403161361,1.7684615726737511,0,0.07952210084111462,-3.5834829593923048,0
-3.9890217134707022,3.19854930982061,0,0.09921783725074786,-3.587069126315545,0
-1.4631460585234768,-5.256264703055871,0,0.6958295585242777,-3.5207611515977777,0
5.301310446284531,0.2204955426646505,0,0.8453138947341279,-3.49339927504463,0
4.099974102575406,3.0857969594952444,0,0.9047637797463435,-3.486179190103644,0
3.7701964376641888,3.3515705634820083,0,0.9617049973878423,-3.5005648075008575,0
3.644055851508886,-3.86617170692419,0,0.9813446903614985,-3.4980156249610923,0
-5.428085034927989,0.11599060138495357,0,1.0390735853944857,-3.48570560752381,0
-2.9271998525068295,4.141583949473678,0,1.11023818562094,-3.480158628644319,0
4.965199979861594,-1.9961990523296331,0,1.4098448341194776,-3.3769760413129304,0
3.368457364861386,4.076819849028801,0,1.5048010264930698,-3.366482965032901,0
-0.8595865389602233,4.937383728503945,0,1.7756182693044633,-3.24470528163558,0
3.3681420302764753,4.150126559219785,0,1.9839800933704868,-3.1388259982720745,0
3.3904674460041275,-4.20252744781096,0,2.0257335850551237,-3.1186226188367816,0
1.558747018052745,4.7522199868255095,0,2.041007261113948,-3.1395002052913625,0
5.155979170789412,-1.1259903433907776,0,2.106057325792305,-3.0990210856423888,0
5.061603099741211,-0.8211840109043235,0,2.230558150610203,-3.0244243280251033,0
4.940129853158831,-2.1814607773407593,0,2.3750808858828925,-2.9172569937602577,0
-1.0924903901366583,5.026746212817821,0,2.386895849165792,-2.9202718299763513,0
-2.055223966104266,-4.681284385053874,0,2.496351358391056,-2.8590855356907174,0
-1.3989939147673538,4.961195810860211,0,2.5811020900982107,-2.79278267666685,0
4.389116287337625,-2.9476370441243485,0,2.72646259871167,-2.6694713668030428,0
-3.884253580820756,-3.307853446044008,0,2.8008097420502303,-2.6412764939511195,0
-5.381546712365653,-0.3287323785785399,0,3.004074579728225,-2.415067552545594,0
3.4696266234593307,4.237860087241135,0,3.0455391745208624,-2.3756714228306266,0
-0.35926693707397683,-4.996952405394096,0,3.4130911767252554,-1.8170176791230743,0
-4.211308532083429,3.27546405920221,0,3.5097838273918893,-1.6501294165415459,0
-3.3601881512857523,-4.268790891402695,0,3.5976134683628573,-1.4521636524127026,0
-0.48106177208035444,5.133524349535098,0,3.7922158638790884,-0.8537362019403827,0
-3.131097529194579,4.304801658389495,0,3.8216404911879964,-0.7369237346340266,0
5.054151518046164,1.5400173546341667,0,3.886131651696307,-0.6648983897552061,0
-2.246121706388581,-4.693571829221053,0,3.916172416207408,-0.4967160322158797,0
4.37583221980903,-2.803742623812701,0,3.9571607559568154,-0.15551453056125492,0
-1.8826717868964151,-0.7195062454115679,1,-0.04321110013714485,-0.00347503362174411,1
0.8373210101140208,1.934170874795625,1,-0.04498171669036066,-0.0062553301802548865,1
-1.3730748221631626,-1.5076639443455564,1,-0.04739666263325358,-0.010828501789062073,1
-0.8916341717704782,2.1518230660841575,1,-0.05604329920077773,-0.013187450612255928,1
0.672268085836083,2.1561252093397423,1,-0.056112914339427916,-0.01536546890216623,1
-1.2152416251586373,1.6239342659140301,1,-0.07000105408203401,-0.02030791246316961,1
-1.4023232709073679,2.067735043551069,1,-0.08874579827375936,-0.028098241493583784,1
-0.8677659179560078,-1.8654449399100852,1,-0.0958187839844137,-0.033186197480429475,1
-2.0833784335135714,-0.057421632654226534,1,-0.09842442491653003,-0.037896043145296106,1
2.397218058598994,-0.03965011803528596,1,-0.09800709297372523,-0.0404994211438695,1
-2.051284717626238,-0.6189248740362563,1,-0.10481350439898096,-0.04763621088772604,1
2.0165653029694575,-0.9187017231177481,1,-0.14561335368848125,-0.07306241606323474,1
1.9953616715892033,0.9709380750868993,1,-0.1438173050376024,-0.07772054747818262,1
1.71824501156747,1.2126056235707607,1,-0.149045514417274,-0.0871199324230333,1
1.928119880060511,-0.731535673328567,1,-0.1518071935944635,-0.09833730722229117,1
2.028004702928727,0.75645766641922,1,-0.15056044381392136,-0.10085041190477663,1
-1.8850178240220703,-0.9062203229341272,1,-0.14512959387288332,-0.10946861084593665,1
-1.9492003350927742,0.47145564750021546,1,-0.13750307136505097,-0.12228161976716782,1
-1.4029376118726133,-1.9273634693834831,1,-0.14083806454287257,-0.15132958872280422,1
-1.8176742114522204,-1.0224039462483,1,-0.14925299221931834,-0.16865493160195383,1
1.709572665164368,1.531895959260712,1,-0.14840934396273658,-0.16978166151492702,1
1.967193943695553,1.1583583975742855,1,-0.13500605778859892,-0.18649809123645172,1
0.621406243342775,-2.1324915130534174,1,-0.15987211402260437,-0.2267526143255399,1
1.371586816699423,-1.5192781886604765,1,-0.16026251697573368,-0.23236844752946442,1
-2.1000284188529093,0.6539251422512562,1,-0.14940512930205552,-0.24241139835358624,1
-2.0148675428677163,0.07269904161864413,1,-0.1472162465336479,-0.2510750052853427,1
0.46935220034609904,2.2607953273950265,1,-0.1357052769523232,-0.2621431007583986,1
-2.2221038333649363,-1.0151932199959064,1,-0.13123284644006347,-0.2736089414525839,1
2.244207696889844,0.4350496721900003,1,-0.1271116889172223,-0.2837699756596161,1
0.07171811555143319,2.2076292580898835,1,-0.12794903308196462,-0.28655803130702734,1
1.4441638607370886,1.8463761948617836,1,-0.09074414580722895,-0.31248597695336533,1
-1.8997673049118624,-0.8630034455888992,1,-0.07654937587274675,-0.3251124545146716,1
1.6751794448562802,-1.444698962269827,1,-0.0755305549919207,-0.3278390041170586,1
-1.7570885226972017,1.0943921477616136,1,-0.061600892471048746,-0.33371295112114335,1
0.37792901444004245,-2.207062283372435,1,-0.0331868554666156,-0.36331182799007683,1
1.971562674066604,-0.4391731768092337,1,-0.020331130091103752,-0.364580255756829,1
-1.9797798453797326,0.5393206882178416,1,0.018363875982482798,-0.3773252356262874,1
-1.4042436322512655,-1.507671396091781,1,0.022191033961820733,-0.39070695649844883,1
1.7256394302998508,1.783008737971888,1,0.02574759799343828,-0.4022888889636725,1
-1.706191524370604,1.0507035233923698,1,0.059853263817283224,-0.400037894242751,1
0.04341886908632786,-2.2031097787817964,1,0.06138119508711453,-0.40790301061493495,1
-2.410036909322889,-0.2621910534342434,1,0.07980722616621909,-0.43757158019149667,1
0.3047665984206387,-2.431404129791153,1,0.08574876506622717,-0.446063198693249,1
-2.0552253065734623,1.021180125756946,1,0.16491108503405044,-0.43401619787844004,1
-1.140003809292905,-1.668459918637234,1,0.191921630531119,-0.42713120829372575,1
-1.9821878031834836,-1.1255283048641682,1,0.2042136364207812,-0.42343298124261447,1
2.2320346528922816,-0.14530826212566125,1,0.2343552925676727,-0.4104685379358719,1
2.178088610237187,-1.2075100704596402,1,0.2395329685197859,-0.41049617856039056,1
-0.01676616268979065,-2.054382262234967,1,0.28350558762926603,-0.426563444019036,1
-1.6328801196338074,1.535084873124497,1,0.29719541471583266,-0.42122987665661216,1
-0.886574429257027,-2.0727177107780173,1,0.3056187703196913,-0.4165472837322307,1
2.0005425307191413,-0.7966225661152492,1,0.3233575910359809,-0.42755253668554716,1
-1.8678216748399892,-1.436348150663122,1,0.35073548476414595,-0.4177792352267721,1
1.996127282617729,0.32219236479164753,1,0.3616271350805073,-0.4214185057952849,1
2.2433678147173213,-0.8761318668581453,1,0.3922341019435083,-0.41629118109006147,1
2.4221974611413417,0.42651075712784287,1,0.4103995891331531,-0.42149960607417475,1
1.1114016139326692,-1.8340801589351847,1,0.5136813506128893,-0.3132655871629189,1
-1.767079012321013,-1.390322226799595,1,0.5244912461593437,-0.3067568832852154,1
2.199434612640592,0.7173723143074019,1,0.565994097569379,-0.2668547444424165,1
-0.7437589549825128,2.194643407666224,1,0.5993903097729867,-0.2526649163232679,1
-0.5753641353901867,2.2869646139741864,1,0.6065211312350537,-0.23852496267479112,1
-1.4983179310373826,1.5917459996425523,1,0.6424142115016402,-0.24982031349725473,1
-0.14915138971843048,-2.0199568041727805,1,0.6479577242948521,-0.24522029151734084,1
-1.4355751664256913,1.4271902661978955,1,0.6559954181236134,-0.22397489435625034,1
0.18196417327183384,2.460510998009749,1,0.6734616030873246,-0.22406725846305506,1
1.0633473616390556,1.8790052778744575,1,0.7046840364435845,-0.1808486947650374,1
2.038157053176899,-1.2327641862892527,1,0.7303932504982603,-0.18099400929199896,1
0.02224746438473393,-2.319584421696739,1,0.7488452386177638,-0.1755900813540618,1
-2.3298351703095332,0.543534753615615,1,0.7652770854495059,-0.1664261934888759,1
-1.881133906130416,1.3805760010025514,1,0.8338473345236198,-0.17423652918647417,1
-2.114310661743522,-0.5064837854336016,1,0.8855036164082346,-0.1257176573891369,1
-2.239584936199074,-0.3272886390737196,1,0.9130096722311306,-0.053421517652646154,1
2.2095825185771854,0.9180546407283429,1,0.9596008069639684,-0.043416388240851804,1
0.27843298774275854,-2.21402911498771,1,0.989383796823832,-0.004127657673597274,1
1.9160831928344249,1.4318903590951493,1,0.9860601812913236,0.09805921384185996,1
1.1152445941764342,1.7784455586694148,1,0.9939615242909898,0.11825657503153321,1
1.1662489682243846,1.7725749904507608,1,1.0252278854594352,0.126294925799993,1
-1.7549278272103646,1.446711013407965,1,1.0751184929666133,0.13312384932885252,1
2.0343031014386717,-1.095397211320824,1,1.0806664335605567,0.1678776074497872,1
-0.876652957777412,-2.0247748857812287,1,1.0882733580917772,0.21611623913960826,1
-2.4225354800795884,0.15393651703514163,1,1.094197493427906,0.2377806382478522,1
-1.6242043035235598,-1.6374318868722402,1,1.095022793020286,0.2529231212433625,1
1.233002620781548,2.0149805554298017,1,1.096508211001761,0.26218994680716023,1
1.6833010698788013,1.6686532731604398,1,1.0847368347808226,0.309906439554513,1
-2.0507575506264066,0.0003969889556792318,1,1.0982388203336055,0.3161863903977926,1
1.516731088330475,1.6170465398943035,1,1.1196642592066561,0.349160210922726,1
-1.3921554116234347,-1.6364058093923481,1,1.1064082699094302,0.5556782020003663,1
0.324636192361372,2.2338321196533375,1,1.1387312424595388,0.575515769538413,1
2.187593573966299,-0.7874757145719801,1,1.1292159545109597,0.5968672503140602,1
2.126797299027883,-0.11492064072879621,1,1.0854880681371883,0.6786925724136479,1
-2.1104690416238485,-0.055568006194830655,1,1.0791992978417793,0.7100302882076273,1
1.3636694802149252,-1.9813341463471934,1,1.090828651631543,0.7337703911382132,1
-2.0459837045816407,0.5874794325396372,1,1.0890167959365267,0.7370782580121437,1
-0.8232568606659985,2.2816103789168087,1,1.0930805159206634,0.8145721788144145,1
-2.3182725605544454,-0.19718134586199867,1,0.9428184644623935,1.011369010419428,1
1.3135640650636449,-1.5277345244466147,1,0.9046620163363539,1.0592905933614793,1
-2.0596568050622364,0.08219452540214672,1,0.906048387757132,1.070356249704839,1
1.8328300454441815,1.3219744003214724,1,0.6878749392656281,1.2235561304987677,1
-2.33256034318539,-0.3564953238145897,1,0.6790642763151056,1.239595281310901,1
2.202705617785155,0.25649772922461156,1,0.6082867915826179,1.2874206563220096,1
0.09883168824022837,-2.2361347892055035,1,0.5802322824583775,1.309892751263207,1
-0.21586536031723141,-2.232567757104332,1,0.5995154027695232,1.355946496274751,1
-0.6458732126044937,-2.105340842603398,1,0.5324092730722118,1.3895681575430348,1
-0.8747227684230497,2.317878941789721,1,0.5016418337383663,1.4105366097830718,1
2.0075015293421026,0.5839560054870522,1,0.460802883682256,1.4258381671797868,1
0.15761200581229357,-2.1949265537212606,1,0.4505908452927346,1.4301800978958499,1
-0.7649106274834601,-1.8726796268733907,1,0.3812051463336333,1.455961210908827,1
-0.9443869211139971,2.2562706308921308,1,0.36214733803381666,1.4616579528650102,1
-1.9907908417074507,-1.4914312260458167,1,0.2671507633452588,1.4999586608589783,1
0.6454240812124276,2.375218011778519,1,0.04485411093589035,1.5437590677951027,1
-1.5410127930074036,-1.5431879489931453,1,-0.09150310171084358,1.549981112193346,1
-2.0963227542403877,0.7087814373372845,1,-0.15893995529246252,1.5486720886887195,1
2.4109900289069697,0.2892881041998085,1,-0.18346661020159355,1.5582125200370938,1
-2.2893297212579538,-0.37422636813990956,1,-0.28341594420455246,1.5606454606822622,1
0.9142020911578196,-1.9663283037040795,1,-0.4204644332191126,1.5375649689660822,1
-2.0584915412105054,-1.0968608988897004,1,-0.5358264529739746,1.5223878564691937,1
1.747638910783044,1.7192657324206864,1,-0.6675950615589997,1.4933844132384835,1
0.38911711067694144,-2.1826459022240696,1,-0.6916759141281915,1.4985452901435605,1
-1.8161137319608347,1.6817381237048086,1,-0.846090508569929,1.4273522212903758,1
2.4203920955482796,-0.12086864700630233,1,-0.8564348823182608,1.4371343329132602,1
2.0890716525284208,-0.04380353827364183,1,-0.8773307991378754,1.4308452282181257,1
2.234826637659095,0.6352101452324799,1,-0.9335364599193361,1.417017532733431,1
1.0649433163360225,1.9705570066189948,1,-0.9452536971988409,1.4321555279741547,1
2.207899476451372,0.6290137894604871,1,-1.023809555990422,1.4012316189006164,1
-2.184561563387379,-1.2146945715361066,1,-1.0772653486059103,1.379002642161237,1
-0.4944204999393379,1.9781486350704078,1,-1.1992064160055689,1.282590543763781,1
1.7766405923034334,1.4919570961172821,1,-1.2270975576772514,1.270204126206074,1
-2.0327142747928515,-1.0230284182572376,1,-1.396473410565238,1.1258402162397712,1
1.179676471412084,-2.1629156566535848,1,-1.653068769284656,0.7177770752906719,1
-0.713376332354665,-2.0908151325093964,1,-1.7235448616217548,0.5788906485173024,1
-1.0437860317236984,-1.7619326850067094,1,-1.740704467592312,0.5402936037486383,1
0.26407734195797383,-2.334465501145793,1,-1.7747094682906963,0.45862587090201606,1
0.2290310797213072,-2.481150517481996,1,-1.7821629147604598,0.44360526119082894,1
0.8503220646025514,1.981718750741893,1,-1.8317064843246014,0.29173742849580886,1
1.1786953586756697,-2.1958974555688946,1,-1.8581140952702602,0.24838833834849836,1
0.16382578460532676,-2.0473442280427965,1,-1.8712867871921357,0.11427251943328813,1
0.643286293975934,2.012253548474846,1,-1.8908481076842956,0.10724605952701088,1
-0.49958094768705463,2.1895305084609222,1,-1.893300968961267,0.09821213764645885,1
-1.4496887847860465,1.4229766371942754,1,-1.894718243835049,0.08657886312491456,1
2.0778851416392197,-0.1093041739678416,1,-1.957811141329797,-0.18426674565732204,1
-0.6585095234153169,2.0641920352654197,1,-1.9434951761571793,-0.31254061317420745,1
-1.4957067683378855,1.6566221720255143,1,-1.9150543927026211,-0.46403454338775124,1
2.168344085931648,-0.7092575212674972,1,-1.8687056436266722,-0.6251488714851067,1
2.494989193251174,-0.027472743094966574,1,-1.8483610695634611,-0.7034090984322807,1
-1.6005591448006287,-1.5745080948411663,1,-1.7991860656113188,-0.9018131826922718,1
-0.8490135429161495,1.864887981836137,1,-1.777211914674091,-0.9622874664919322,1
0.001681774775643658,-2.056262763720065,1,-1.8018316330409916,-0.9901342765711357,1
2.005119526346045,-0.7108644132849385,1,-1.793685803169175,-1.0235956398912227,1
0.7773503868832105,-2.242852394029021,1,-1.8023233239365757,-1.0395920941502013,1
-0.9388622203571998,1.9882127746532698,1,-1.7993273080143968,-1.0459172512920532,1
1.7729471907432885,-1.3718318026392107,1,-1.6794314532083956,-1.2480431351446364,1
0.9044751953358346,2.078013517581616,1,-1.6751973492265204,-1.28421540624578,1
0.7638297870850738,1.98230939400817,1,-1.651569869961375,-1.3378044985940674,1
-1.3058156342485727,-1.9943278635476314,1,-1.4534925461566173,-1.5766256506809293,1
-2.059553785868157,-0.5052324425783881,1,-1.452305840861633,-1.6023074299563052,1
1.6964216508311556,1.2995085946868874,1,-1.434109461790818,-1.6451422261120523,1
-1.4495460400878133,-1.7044793224487451,1,-1.2572069729326572,-1.8016185763909225,1
-0.43883242164891495,1.996767099079178,1,-1.1757979425504679,-1.8572051794084765,1
-0.17937521970867915,2.4041692569610764,1,-1.1316330417138838,-1.8955276832265255,1
-2.315993114706851,-0.21252595743580016,1,-1.1147357195729128,-1.9145331987467458,1
1.1068400006191175,1.6940532501090149,1,-0.9383101660132721,-2.009106438427081,1
-2.0576720096911867,-0.3721550060592439,1,-0.9385079823511076,-2.013770801377742,1
-0.42366821145788786,-2.280189963447094,1,-0.889451146788548,-2.0488830018926545,1
0.9051656211850893,-2.2306099944725206,1,-0.8797036448640574,-2.0641085300382422,1
-0.4620999446774384,-1.9757520103954787,1,-0.8422973168779836,-2.133502147771326,1
-0.4488107569658175,-2.05744435732241,1,-0.813124661085842,-2.1534987243935704,1
-0.14629142710408255,2.2037995443876266,1,-0.80853995923703,-2.188919594634015,1
2.2325012412612075,-0.24563877910896578,1,-0.7932240273936557,-2.1957383616404376,1
-2.490106247926175,0.2053649972524793,1,-0.7077994441196217,-2.22750788748202,1
-1.7497515241528354,1.1638672343629104,1,-0.6352444622078353,-2.2553476404081256,1
-1.6635874591525273,1.5665752953040428,1,-0.5078914990930095,-2.3043637432861575,1
-0.24835764431480178,2.0632590733361074,1,-0.3448634159022382,-2.3513677158559605,1
0.746755124841506,-2.196877323728283,1,-0.2777842826139526,-2.4087338772805893,1
-0.15509799938715155,2.0852291812908694,1,-0.24780906855879878,-2.4343021602743207,1
1.6496971042850372,1.2474956204718783,1,-0.1967727462684311,-2.445757904618745,1
-2.0351282800446855,1.1142111200884346,1,-0.126383731902522,-2.460156223625887,1
-1.9570018648155112,-1.1510838971981394,1,-0.02644336665021169,-2.4723715527374504,1
-2.0803404041527225,-0.2794010309035712,1,0.027698969580011615,-2.472717118485724,1
2.2437900447174086,-0.25561834435065584,1,0.07808555371317234,-2.4793010442458634,1
0.16632446112768381,2.041294837374907,1,0.21218737505566687,-2.4721487717919346,1
1.576179201450748,-1.3341057770695832,1,0.23796846435580124,-2.476941826442157,1
-1.2161893739009986,-1.6679018357803652,1,0.2662133013752369,-2.48924499070224,1
-0.5827357590172005,2.2287433866500095,1,0.2834744962841507,-2.4941749160829074,1
0.46593897882412705,2.1614625797962397,1,0.7667843456494983,-2.39606916417624,1
2.3426863020828494,-0.2379145519854478,1,0.8205908038127311,-2.3801077840472575,1
1.1390833220563477,-2.1092484897554122,1,0.9375203784662743,-2.347029557308667,1
1.9428991921201524,1.000443130069145,1,1.033954892151692,-2.3130247635903323,1
-2.0873547654582856,-0.880962896083648,1,1.0463713377529713,-2.314867199103944,1
-1.1907545328218854,1.8328090186722246,1,1.1908569164559704,-2.254535400856059,1
-0.4821822174900069,2.437701087096445,1,1.2360102150492769,-2.245841883285466,1
2.0207266463124673,-0.12289027087614447,1,1.5881097946446405,-2.0201850767520617,1
-2.336460646277138,-0.247579007718912,1,1.6313854444600333,-1.9898988022991841,1
1.2456466063977039,-2.026905367206945,1,1.6588258652995997,-1.9979692216325864,1
2.011549876480053,-0.19814125578172131,1,1.7611727015155365,-1.9596702581817529,1
-2.1334934716926455,-1.1317946220141402,1,1.876349339025958,-1.8582471249907624,1
2.1767778690551776,0.6118277333882555,1,1.9094277600329705,-1.8666062727218085,1
2.2533129806543273,0.8073605421866897,1,2.0100220709878514,-1.7821279939334616,1
0.3038690291300423,-2.0675139916247653,1,2.063669621300803,-1.7205163890590935,1
0.7144627894631537,-2.3347144871643253,1,2.09455848011261,-1.6879934696604277,1
-0.7301694923474801,-1.9322273008099289,1,2.1329891127324974,-1.7071407339427511,1
2.009973353838499,1.2597720333565698,1,2.1624920044944163,-1.6808738171468698,1
1.3465818090085748,2.0046548260371244,1,2.1983854046263636,-1.7065056180120817,1
-1.8621100691257226,0.7516360546554786,1,2.361241997506882,-1.4746585224972457,1
-2.0768053235884634,-0.19849104213564436,1,2.4107398450587296,-1.398361984981343,1
2.018023094836264,0.47961641024027957,1,2.4190230974013636,-1.3954224152587371,1
-2.05369219121619,-0.4390877624036561,1,2.5944161063861997,-1.0633572490281524,1
1.9365514212271469,0.5110463392331024,1,2.659079261539705,-0.922739188463291,1
-2.106153166270059,0.7673575010373849,1,2.675916427556498,-0.8781368858439854,1
-2.241160610122937,-0.3904258652329712,1,2.7195196028658923,-0.7646322412321027,1
1.2381497333808824,-1.5982575912678993,1,2.787372210250932,-0.6331772937761493,1
-1.9919761931768873,1.2503475594668783,1,2.8335398865566614,-0.630676294924383,1
-1.8742803366792022,1.5300761348068685,1,2.8690761398562183,-0.45137578825430685,1
0.937973003249112,1.7995885455910212,1,2.907103413164906,-0.4404778952318723,1
-1.368398048415398,-1.7818486494947392,1,2.9417718309114202,-0.2405166305310739,1
-1.4574606377985684,1.8704032829886357,1,2.984150954817255,-0.013056374451794068,1
0.8443968057990943,-1.8747573784199785,1,3.0007096083406344,0.10247893688985676,1
0.8579445398144429,-1.8323725754378697,1,2.9874029808206384,0.3103887841489411,1
-1.7692303740125273,-1.5963366551872065,1,2.980646212672422,0.41572475945831405,1
2.1090141384348664,0.27162949560795896,1,2.969573521774048,0.5127300841216318,1
2.367335462766291,-0.5291180337490126,1,2.948040528862257,0.6468510040937637,1
0.43269952174680665,2.0726275449078604,1,2.9412613273572186,0.6875305103727445,1
0.21763252856513304,2.295648782401882,1,2.9273134748805036,0.7874817166884538,1
-1.2281022616649484,-2.0350859757459276,1,2.837955246559935,1.1065193599855525,1
1.432987732962482,1.5788476690489677,1,2.862140187899374,1.1267740945315443,1
-0.9299418354116189,2.095397331550178,1,2.772628137231533,1.3624038990115934,1
0.6041388182106173,2.0162031384530135,1,2.7077948354318733,1.5208288854894,1
2.0343889729851523,1.0402729897455827,1,2.572675705142648,1.7448945467096861,1
-1.1611743165788018,2.0592338346011743,1,2.5638289545422643,1.8034893406679853,1
-1.9637671971040187,-1.4186876681123881,1,2.5688162847294147,1.837697439241317,1
-0.3637429738613891,2.193227532164275,1,2.564984549718157,1.8564515558349497,1
1.3468991129116965,-1.63601440501738,1,2.410561840297834,2.075169622877034,1
-2.166615116418377,-0.5315219159534603,1,2.3561852667208463,2.185794289671662,1
1.4099359999395953,1.7161344381981274,1,2.1845144057307206,2.3756290861518217,1
2.1922804047211923,-0.9501682718132057,1,2.145838448403944,2.430498834810609,1
-0.43097608652548675,2.122520363987511,1,2.1357064580237406,2.4513359846621237,1
-2.187035458648048,-0.3225221423633437,1,2.100780427514463,2.4818643004175964,1
-2.0950246650037276,0.7263770059980001,1,1.9238893890681958,2.625804060517108,1
2.224681910105491,1.1174873647375687,1,1.8877783731016191,2.655190268161847,1
-2.0191262621827577,0.33741927159356294,1,1.7991622806706897,2.751413891205721,1
-0.4328704705338619,-2.301473396042352,1,1.7719540402835103,2.7722299931739642,1
-0.31067759917776006,2.2661463753613664,1,1.6958672550391285,2.8377007146367133,1
-2.0722186481528153,1.2370613365931267,1,1.613514265419225,2.928886461704225,1
2.153465365988975,-0.0033256066114449867,1,1.5406171190548468,2.978459193401449,1
1.4278442712408208,-1.409823205831898,1,1.2577329493157745,3.124857807878204,1
2.086752385309635,1.189221603729502,1,1.0767566720439563,3.2033769254617144,1
-1.7530923484810554,-1.282993121422903,1,1.0265656057071322,3.2398416740541642,1
-2.2522512763891487,1.0260553658651317,1,1.0040667668808714,3.257493342956808,1
-1.9365354375276327,-1.1349500207901904,1,0.5547090769212571,3.3765815276288564,1
2.3451827294024836,0.32431006613097624,1,0.5517665920051995,3.3812351584720823,1
-0.6987429519900736,2.2428916471365388,1,0.3319745312483279,3.4175652372748537,1
-0.8632306501084754,1.9401981567570132,1,0.2828266313832372,3.4378405657033415,1
1.166352478704068,-1.6303822784822175,1,0.21289616077816773,3.452331361944402,1
2.227661695204054,0.7005081242663574,1,0.15071604491795174,3.460975475924309,1
1.7423363735874027,1.7384152565938178,1,0.13777719296935487,3.471663660690841,1
-0.9573034922432533,2.1958902696826983,1,0.0905075451134798,3.505446192589357,1
-2.13634154071147,-0.9128955741187625,1,0.05834524730982431,3.5094030809366834,1
2.285248793536859,0.21943073659487297,1,0.0495241090524168,3.550471351807793,1
-0.2517924029999254,2.2160724456871375,1,0.013349978466764466,3.5610301117231926,1
-1.8515956915900547,-0.8397751860553344,1,-0.11021366907468812,3.5628681890596217,1
-1.6789475727171654,-1.3484605132837224,1,-0.16334320758480958,3.5783667560712713,1
1.9236033400425894,-0.6577537847586208,1,-0.18556016124223582,3.5823509963190103,1
-0.4436361205178004,1.9715109302764509,1,-0.26568745483181394,3.5948271633415465,1
-1.5401298675795447,-1.7954717100941067,1,-0.39778221620595483,3.588230385323946,1
-0.453436560980604,2.023698848583182,1,-0.49733548666405364,3.5822764453574574,1
1.1192327049415354,1.7018555537860744,1,-0.6225384051126164,3.56749246564081,1
2.1672935150992507,-0.2691630228352691,1,-0.7976362718295176,3.5325968846529237,1
-2.159001152777191,-0.4850487084659378,1,-0.8818316077452072,3.516535988393808,1
1.992337255657417,0.5440268119059843,1,-1.1267796912385941,3.465109073984587,1
2.1075089056820917,0.4744802391693907,1,-1.756860298050513,3.263506691700287,1
-2.113595511804682,-0.340853391308604,1,-1.7694252649288518,3.2756802985741245,1
0.969856389360318,1.981401447208252,1,-1.8174091424074197,3.2583343578662967,1
1.793815335191039,0.9406292765352876,1,-1.9068756037008894,3.2416588257018835,1
1.8945719003174182,-1.5446609531107494,1,-2.1903362077719195,3.063351608215621,1
0.8308625689344997,1.8407690218169883,1,-2.230806850855517,3.050379868793479,1
2.4098014675076507,0.518405799238439,1,-2.3317811432745432,2.9865154574455444,1
-1.520389272197115,-1.8604015922651274,1,-2.4947784796952948,2.8638280278795367,1
1.4799911023526326,1.7337613118371322,1,-2.6637176192320786,2.7089714744939877,1
-2.2877504832635895,-0.6895277934167656,1,-2.6779969408709876,2.6963338525614278,1
1.480747225277781,-1.3619196618180363,1,-2.740602267585966,2.634693727160023,1
-0.34369510233969974,-2.0119535965783473,1,-2.8595555637812913,2.506273158015229,1
2.1114277166152005,-0.05037753969673133,1,-2.9114767512553823,2.4671272623669376,1
-1.8907612620862888,-1.0737153373853119,1,-2.9203794284228812,2.4616391412025544,1
1.8285056125940877,1.3108348061135937,1,-2.9541705544033126,2.460705820540637,1
1.5412900429766296,-1.473063528235974,1,-3.069101532893753,2.3222902465878654,1
-2.095256908801517,0.4131223295104443,1,-3.1140913415851945,2.264841416252997,1
1.7586971054955207,1.5513143016815405,1,-3.1237945229154565,2.2553647923088,1
-1.1752476766828888,-2.0367600157079973,1,-3.290535430393028,2.0506425993453865,1
-2.447296587442163,0.4045104266489614,1,-3.4674966791497313,1.739857981565785,1
0.2219982324800706,-2.000391015629029,1,-3.5867170165338402,1.4789198993575066,1
2.2782423641375993,0.7828402941150656,1,-3.607467730432797,1.4755678341555878,1
-1.2053234649101885,-2.018521505014407,1,-3.648084665514451,1.3885513202975115,1
-2.462654416133492,-0.4058164144196234,1,-3.70459273151387,1.2819572034766036,1
0.44140756488699945,-2.417367595132971,1,-3.8342914517098237,0.9237849474321953,1
2.097275977488978,0.31589556300765737,1,-3.866198549267278,0.7837696715718182,1
-2.1386008496860236,0.42492010442018424,1,-3.8709890580978885,0.7686131913557419,1
0.9138164532904607,-1.9642744191981993,1,-3.9017800737086255,0.6095397810249107,1
1.8343066499485248,-1.284798404048591,1,-3.91495834005158,0.6088580926102239,1
-2.076831224476982,-0.5877366795439538,1,-3.9474251978074264,0.43988599549303325,1
2.1308966692166726,-0.9561784666052645,1,-3.9783881873043914,0.2549258545533055,1
-2.1840583657857264,-1.2145783869371989,1,-3.997523230095443,0.10380195247416764,1
